Workbook

Sheet Setup
A1: Normal (Gaussian) – sweep de sigma
A3: μ (media) | B3: 0
A4: x_min | B4: -6
A5: x_max | B5: 6
A6: N puntos (x) | B6: 121
A8: Notas:
A9: • En 'Curves', cada columna es una sigma distinta; grafica x vs una o varias columnas.
A10: • En 'Sigma_Summary' puedes graficar sigma vs pico (altura máxima).

Sheet Curves
A1: x | B1: 0.2 | C1: 0.3 | D1: 0.4 | E1: 0.5 | F1: 0.6 | G1: 0.7 | H1: 0.8 | I1: 0.9 | J1: 1 | K1: 1.1 | L1: 1.2 | M1: 1.3 | N1: 1.4 | O1: 1.5 | P1: 1.6 | Q1: 1.7 | R1: 1.8 | S1: 1.9 | T1: 2 | U1: 2.1 | V1: 2.2 | W1: 2.3 | X1: 2.4 | Y1: 2.5 | Z1: 2.6 | AA1: 2.7 | AB1: 2.8 | AC1: 2.9 | AD1: 3 | AE1: 3.1
A2: =Setup!$B$4 + (ROW()-2)*(Setup!$B$5-Setup!$B$4)/(Setup!$B$6-1) -> -6 | B2: =1/(B$1*SQRT(2*PI()))*EXP(-(( $A2-Setup!$B$3 )^2)/(2*(B$1^2))) -> 7.3682307e-196 | C2: =1/(C$1*SQRT(2*PI()))*EXP(-(( $A2-Setup!$B$3 )^2)/(2*(C$1^2))) -> 1.8403161e-87 | D2: =1/(D$1*SQRT(2*PI()))*EXP(-(( $A2-Setup!$B$3 )^2)/(2*(D$1^2))) -> 1.3826774e-49 | E2: =1/(E$1*SQRT(2*PI()))*EXP(-(( $A2-Setup!$B$3 )^2)/(2*(E$1^2))) -> 4.2927675e-32 | F2: =1/(F$1*SQRT(2*PI()))*EXP(-(( $A2-Setup!$B$3 )^2)/(2*(F$1^2))) -> 1.2824331e-22 | G2: =1/(G$1*SQRT(2*PI()))*EXP(-(( $A2-Setup!$B$3 )^2)/(2*(G$1^2))) -> 6.3406996e-17 | H2: =1/(H$1*SQRT(2*PI()))*EXP(-(( $A2-Setup!$B$3 )^2)/(2*(H$1^2))) -> 3.0429007e-13 | I2: =1/(I$1*SQRT(2*PI()))*EXP(-(( $A2-Setup!$B$3 )^2)/(2*(I$1^2))) -> 9.9010002e-11 | ... AE2: =1/(AE$1*SQRT(2*PI()))*EXP(-(( $A2-Setup!$B$3 )^2)/(2*(AE$1^2))) -> 0.019773956
A3: =Setup!$B$4 + (ROW()-2)*(Setup!$B$5-Setup!$B$4)/(Setup!$B$6-1) -> -5.9 | B3: =1/(B$1*SQRT(2*PI()))*EXP(-(( $A3-Setup!$B$3 )^2)/(2*(B$1^2))) -> 2.1256592e-189 | C3: =1/(C$1*SQRT(2*PI()))*EXP(-(( $A3-Setup!$B$3 )^2)/(2*(C$1^2))) -> 1.3679225e-84 | D3: =1/(D$1*SQRT(2*PI()))*EXP(-(( $A3-Setup!$B$3 )^2)/(2*(D$1^2))) -> 5.698407e-48 | E3: =1/(E$1*SQRT(2*PI()))*EXP(-(( $A3-Setup!$B$3 )^2)/(2*(E$1^2))) -> 4.6382936e-31 | F3: =1/(F$1*SQRT(2*PI()))*EXP(-(( $A3-Setup!$B$3 )^2)/(2*(F$1^2))) -> 6.696178e-22 | G3: =1/(G$1*SQRT(2*PI()))*EXP(-(( $A3-Setup!$B$3 )^2)/(2*(G$1^2))) -> 2.1354763e-16 | H3: =1/(H$1*SQRT(2*PI()))*EXP(-(( $A3-Setup!$B$3 )^2)/(2*(H$1^2))) -> 7.70985e-13 | I3: =1/(I$1*SQRT(2*PI()))*EXP(-(( $A3-Setup!$B$3 )^2)/(2*(I$1^2))) -> 2.0639437e-10 | ... AE3: =1/(AE$1*SQRT(2*PI()))*EXP(-(( $A3-Setup!$B$3 )^2)/(2*(AE$1^2))) -> 0.02103695
A4: =Setup!$B$4 + (ROW()-2)*(Setup!$B$5-Setup!$B$4)/(Setup!$B$6-1) -> -5.8 | B4: =1/(B$1*SQRT(2*PI()))*EXP(-(( $A4-Setup!$B$3 )^2)/(2*(B$1^2))) -> 4.7758473e-183 | C4: =1/(C$1*SQRT(2*PI()))*EXP(-(( $A4-Setup!$B$3 )^2)/(2*(C$1^2))) -> 9.0986223e-82 | D4: =1/(D$1*SQRT(2*PI()))*EXP(-(( $A4-Setup!$B$3 )^2)/(2*(D$1^2))) -> 2.2061887e-46 | E4: =1/(E$1*SQRT(2*PI()))*EXP(-(( $A4-Setup!$B$3 )^2)/(2*(E$1^2))) -> 4.8151223e-30 | F4: =1/(F$1*SQRT(2*PI()))*EXP(-(( $A4-Setup!$B$3 )^2)/(2*(F$1^2))) -> 3.4005998e-21 | G4: =1/(G$1*SQRT(2*PI()))*EXP(-(( $A4-Setup!$B$3 )^2)/(2*(G$1^2))) -> 7.0467554e-16 | H4: =1/(H$1*SQRT(2*PI()))*EXP(-(( $A4-Setup!$B$3 )^2)/(2*(H$1^2))) -> 1.9231724e-12 | I4: =1/(I$1*SQRT(2*PI()))*EXP(-(( $A4-Setup!$B$3 )^2)/(2*(I$1^2))) -> 4.2496678e-10 | ... AE4: =1/(AE$1*SQRT(2*PI()))*EXP(-(( $A4-Setup!$B$3 )^2)/(2*(AE$1^2))) -> 0.022357336
A5: =Setup!$B$4 + (ROW()-2)*(Setup!$B$5-Setup!$B$4)/(Setup!$B$6-1) -> -5.7 | B5: =1/(B$1*SQRT(2*PI()))*EXP(-(( $A5-Setup!$B$3 )^2)/(2*(B$1^2))) -> 8.3566768e-177 | C5: =1/(C$1*SQRT(2*PI()))*EXP(-(( $A5-Setup!$B$3 )^2)/(2*(C$1^2))) -> 5.4154535e-79 | D5: =1/(D$1*SQRT(2*PI()))*EXP(-(( $A5-Setup!$B$3 )^2)/(2*(D$1^2))) -> 8.0239545e-45 | E5: =1/(E$1*SQRT(2*PI()))*EXP(-(( $A5-Setup!$B$3 )^2)/(2*(E$1^2))) -> 4.8026908e-29 | F5: =1/(F$1*SQRT(2*PI()))*EXP(-(( $A5-Setup!$B$3 )^2)/(2*(F$1^2))) -> 1.6796559e-20 | G5: =1/(G$1*SQRT(2*PI()))*EXP(-(( $A5-Setup!$B$3 )^2)/(2*(G$1^2))) -> 2.2783502e-15 | H5: =1/(H$1*SQRT(2*PI()))*EXP(-(( $A5-Setup!$B$3 )^2)/(2*(H$1^2))) -> 4.7228557e-12 | I5: =1/(I$1*SQRT(2*PI()))*EXP(-(( $A5-Setup!$B$3 )^2)/(2*(I$1^2))) -> 8.6427201e-10 | ... AE5: =1/(AE$1*SQRT(2*PI()))*EXP(-(( $A5-Setup!$B$3 )^2)/(2*(AE$1^2))) -> 0.023735884
A6: =Setup!$B$4 + (ROW()-2)*(Setup!$B$5-Setup!$B$4)/(Setup!$B$6-1) -> -5.6 | B6: =1/(B$1*SQRT(2*PI()))*EXP(-(( $A6-Setup!$B$3 )^2)/(2*(B$1^2))) -> 1.1387887e-170 | C6: =1/(C$1*SQRT(2*PI()))*EXP(-(( $A6-Setup!$B$3 )^2)/(2*(C$1^2))) -> 2.884291e-76 | D6: =1/(D$1*SQRT(2*PI()))*EXP(-(( $A6-Setup!$B$3 )^2)/(2*(D$1^2))) -> 2.7415164e-43 | E6: =1/(E$1*SQRT(2*PI()))*EXP(-(( $A6-Setup!$B$3 )^2)/(2*(E$1^2))) -> 4.6024614e-28 | F6: =1/(F$1*SQRT(2*PI()))*EXP(-(( $A6-Setup!$B$3 )^2)/(2*(F$1^2))) -> 8.069031e-20 | G6: =1/(G$1*SQRT(2*PI()))*EXP(-(( $A6-Setup!$B$3 )^2)/(2*(G$1^2))) -> 7.2175301e-15 | H6: =1/(H$1*SQRT(2*PI()))*EXP(-(( $A6-Setup!$B$3 )^2)/(2*(H$1^2))) -> 1.1418401e-11 | I6: =1/(I$1*SQRT(2*PI()))*EXP(-(( $A6-Setup!$B$3 )^2)/(2*(I$1^2))) -> 1.736138e-09 | ... AE6: =1/(AE$1*SQRT(2*PI()))*EXP(-(( $A6-Setup!$B$3 )^2)/(2*(AE$1^2))) -> 0.025173225
A7: =Setup!$B$4 + (ROW()-2)*(Setup!$B$5-Setup!$B$4)/(Setup!$B$6-1) -> -5.5 | B7: =1/(B$1*SQRT(2*PI()))*EXP(-(( $A7-Setup!$B$3 )^2)/(2*(B$1^2))) -> 1.2085903e-164 | C7: =1/(C$1*SQRT(2*PI()))*EXP(-(( $A7-Setup!$B$3 )^2)/(2*(C$1^2))) -> 1.3746381e-73 | D7: =1/(D$1*SQRT(2*PI()))*EXP(-(( $A7-Setup!$B$3 )^2)/(2*(D$1^2))) -> 8.7993346e-42 | E7: =1/(E$1*SQRT(2*PI()))*EXP(-(( $A7-Setup!$B$3 )^2)/(2*(E$1^2))) -> 4.2376385e-27 | F7: =1/(F$1*SQRT(2*PI()))*EXP(-(( $A7-Setup!$B$3 )^2)/(2*(F$1^2))) -> 3.7701507e-19 | G7: =1/(G$1*SQRT(2*PI()))*EXP(-(( $A7-Setup!$B$3 )^2)/(2*(G$1^2))) -> 2.240235e-14 | H7: =1/(H$1*SQRT(2*PI()))*EXP(-(( $A7-Setup!$B$3 )^2)/(2*(H$1^2))) -> 2.7178158e-11 | I7: =1/(I$1*SQRT(2*PI()))*EXP(-(( $A7-Setup!$B$3 )^2)/(2*(I$1^2))) -> 3.4447396e-09 | ... AE7: =1/(AE$1*SQRT(2*PI()))*EXP(-(( $A7-Setup!$B$3 )^2)/(2*(AE$1^2))) -> 0.026669838
A8: =Setup!$B$4 + (ROW()-2)*(Setup!$B$5-Setup!$B$4)/(Setup!$B$6-1) -> -5.4 | B8: =1/(B$1*SQRT(2*PI()))*EXP(-(( $A8-Setup!$B$3 )^2)/(2*(B$1^2))) -> 9.9894463e-159 | C8: =1/(C$1*SQRT(2*PI()))*EXP(-(( $A8-Setup!$B$3 )^2)/(2*(C$1^2))) -> 5.8624985e-71 | D8: =1/(D$1*SQRT(2*PI()))*EXP(-(( $A8-Setup!$B$3 )^2)/(2*(D$1^2))) -> 2.653172e-40 | E8: =1/(E$1*SQRT(2*PI()))*EXP(-(( $A8-Setup!$B$3 )^2)/(2*(E$1^2))) -> 3.7487448e-26 | F8: =1/(F$1*SQRT(2*PI()))*EXP(-(( $A8-Setup!$B$3 )^2)/(2*(F$1^2))) -> 1.7132956e-18 | G8: =1/(G$1*SQRT(2*PI()))*EXP(-(( $A8-Setup!$B$3 )^2)/(2*(G$1^2))) -> 6.8129531e-14 | H8: =1/(H$1*SQRT(2*PI()))*EXP(-(( $A8-Setup!$B$3 )^2)/(2*(H$1^2))) -> 6.3686724e-11 | I8: =1/(I$1*SQRT(2*PI()))*EXP(-(( $A8-Setup!$B$3 )^2)/(2*(I$1^2))) -> 6.7509809e-09 | ... AE8: =1/(AE$1*SQRT(2*PI()))*EXP(-(( $A8-Setup!$B$3 )^2)/(2*(AE$1^2))) -> 0.028226042
A9: =Setup!$B$4 + (ROW()-2)*(Setup!$B$5-Setup!$B$4)/(Setup!$B$6-1) -> -5.3 | B9: =1/(B$1*SQRT(2*PI()))*EXP(-(( $A9-Setup!$B$3 )^2)/(2*(B$1^2))) -> 6.4302834e-153 | C9: =1/(C$1*SQRT(2*PI()))*EXP(-(( $A9-Setup!$B$3 )^2)/(2*(C$1^2))) -> 2.2372894e-68 | D9: =1/(D$1*SQRT(2*PI()))*EXP(-(( $A9-Setup!$B$3 )^2)/(2*(D$1^2))) -> 7.5151488e-39 | E9: =1/(E$1*SQRT(2*PI()))*EXP(-(( $A9-Setup!$B$3 )^2)/(2*(E$1^2))) -> 3.1862223e-25 | F9: =1/(F$1*SQRT(2*PI()))*EXP(-(( $A9-Setup!$B$3 )^2)/(2*(F$1^2))) -> 7.5725501e-18 | G9: =1/(G$1*SQRT(2*PI()))*EXP(-(( $A9-Setup!$B$3 )^2)/(2*(G$1^2))) -> 2.0300843e-13 | H9: =1/(H$1*SQRT(2*PI()))*EXP(-(( $A9-Setup!$B$3 )^2)/(2*(H$1^2))) -> 1.4692373e-10 | I9: =1/(I$1*SQRT(2*PI()))*EXP(-(( $A9-Setup!$B$3 )^2)/(2*(I$1^2))) -> 1.3068198e-08 | ... AE9: =1/(AE$1*SQRT(2*PI()))*EXP(-(( $A9-Setup!$B$3 )^2)/(2*(AE$1^2))) -> 0.029841982
A10: =Setup!$B$4 + (ROW()-2)*(Setup!$B$5-Setup!$B$4)/(Setup!$B$6-1) -> -5.2 | B10: =1/(B$1*SQRT(2*PI()))*EXP(-(( $A10-Setup!$B$3 )^2)/(2*(B$1^2))) -> 3.22363e-147 | C10: =1/(C$1*SQRT(2*PI()))*EXP(-(( $A10-Setup!$B$3 )^2)/(2*(C$1^2))) -> 7.6402337e-66 | D10: =1/(D$1*SQRT(2*PI()))*EXP(-(( $A10-Setup!$B$3 )^2)/(2*(D$1^2))) -> 1.9997069e-37 | E10: =1/(E$1*SQRT(2*PI()))*EXP(-(( $A10-Setup!$B$3 )^2)/(2*(E$1^2))) -> 2.6019232e-24 | F10: =1/(F$1*SQRT(2*PI()))*EXP(-(( $A10-Setup!$B$3 )^2)/(2*(F$1^2))) -> 3.2552794e-17 | G10: =1/(G$1*SQRT(2*PI()))*EXP(-(( $A10-Setup!$B$3 )^2)/(2*(G$1^2))) -> 5.9269271e-13 | H10: =1/(H$1*SQRT(2*PI()))*EXP(-(( $A10-Setup!$B$3 )^2)/(2*(H$1^2))) -> 3.3369458e-10 | I10: =1/(I$1*SQRT(2*PI()))*EXP(-(( $A10-Setup!$B$3 )^2)/(2*(I$1^2))) -> 2.4986353e-08 | ... AE10: =1/(AE$1*SQRT(2*PI()))*EXP(-(( $A10-Setup!$B$3 )^2)/(2*(AE$1^2))) -> 0.031517621
A11: =Setup!$B$4 + (ROW()-2)*(Setup!$B$5-Setup!$B$4)/(Setup!$B$6-1) -> -5.1 | B11: =1/(B$1*SQRT(2*PI()))*EXP(-(( $A11-Setup!$B$3 )^2)/(2*(B$1^2))) -> 1.2585969e-141 | C11: =1/(C$1*SQRT(2*PI()))*EXP(-(( $A11-Setup!$B$3 )^2)/(2*(C$1^2))) -> 2.3347274e-63 | D11: =1/(D$1*SQRT(2*PI()))*EXP(-(( $A11-Setup!$B$3 )^2)/(2*(D$1^2))) -> 4.9986384e-36 | E11: =1/(E$1*SQRT(2*PI()))*EXP(-(( $A11-Setup!$B$3 )^2)/(2*(E$1^2))) -> 2.0414611e-23 | F11: =1/(F$1*SQRT(2*PI()))*EXP(-(( $A11-Setup!$B$3 )^2)/(2*(F$1^2))) -> 1.3610393e-16 | G11: =1/(G$1*SQRT(2*PI()))*EXP(-(( $A11-Setup!$B$3 )^2)/(2*(G$1^2))) -> 1.6954381e-12 | H11: =1/(H$1*SQRT(2*PI()))*EXP(-(( $A11-Setup!$B$3 )^2)/(2*(H$1^2))) -> 7.4614029e-10 | I11: =1/(I$1*SQRT(2*PI()))*EXP(-(( $A11-Setup!$B$3 )^2)/(2*(I$1^2))) -> 4.7187653e-08 | ... AE11: =1/(AE$1*SQRT(2*PI()))*EXP(-(( $A11-Setup!$B$3 )^2)/(2*(AE$1^2))) -> 0.033252728
A12: =Setup!$B$4 + (ROW()-2)*(Setup!$B$5-Setup!$B$4)/(Setup!$B$6-1) -> -5 | B12: =1/(B$1*SQRT(2*PI()))*EXP(-(( $A12-Setup!$B$3 )^2)/(2*(B$1^2))) -> 3.8269649e-136 | C12: =1/(C$1*SQRT(2*PI()))*EXP(-(( $A12-Setup!$B$3 )^2)/(2*(C$1^2))) -> 6.384263e-61 | D12: =1/(D$1*SQRT(2*PI()))*EXP(-(( $A12-Setup!$B$3 )^2)/(2*(D$1^2))) -> 1.1737988e-34 | E12: =1/(E$1*SQRT(2*PI()))*EXP(-(( $A12-Setup!$B$3 )^2)/(2*(E$1^2))) -> 1.5389197e-22 | F12: =1/(F$1*SQRT(2*PI()))*EXP(-(( $A12-Setup!$B$3 )^2)/(2*(F$1^2))) -> 5.5346391e-16 | G12: =1/(G$1*SQRT(2*PI()))*EXP(-(( $A12-Setup!$B$3 )^2)/(2*(G$1^2))) -> 4.7519423e-12 | H12: =1/(H$1*SQRT(2*PI()))*EXP(-(( $A12-Setup!$B$3 )^2)/(2*(H$1^2))) -> 1.6425023e-09 | I12: =1/(I$1*SQRT(2*PI()))*EXP(-(( $A12-Setup!$B$3 )^2)/(2*(I$1^2))) -> 8.80222e-08 | ... AE12: =1/(AE$1*SQRT(2*PI()))*EXP(-(( $A12-Setup!$B$3 )^2)/(2*(AE$1^2))) -> 0.035046867
A13: =Setup!$B$4 + (ROW()-2)*(Setup!$B$5-Setup!$B$4)/(Setup!$B$6-1) -> -4.9 | B13: =1/(B$1*SQRT(2*PI()))*EXP(-(( $A13-Setup!$B$3 )^2)/(2*(B$1^2))) -> 9.062514e-131 | C13: =1/(C$1*SQRT(2*PI()))*EXP(-(( $A13-Setup!$B$3 )^2)/(2*(C$1^2))) -> 1.5621776e-58 | D13: =1/(D$1*SQRT(2*PI()))*EXP(-(( $A13-Setup!$B$3 )^2)/(2*(D$1^2))) -> 2.5893588e-33 | E13: =1/(E$1*SQRT(2*PI()))*EXP(-(( $A13-Setup!$B$3 )^2)/(2*(E$1^2))) -> 1.1146e-21 | F13: =1/(F$1*SQRT(2*PI()))*EXP(-(( $A13-Setup!$B$3 )^2)/(2*(F$1^2))) -> 2.1889922e-15 | G13: =1/(G$1*SQRT(2*PI()))*EXP(-(( $A13-Setup!$B$3 )^2)/(2*(G$1^2))) -> 1.3049601e-11 | H13: =1/(H$1*SQRT(2*PI()))*EXP(-(( $A13-Setup!$B$3 )^2)/(2*(H$1^2))) -> 3.5596362e-09 | I13: =1/(I$1*SQRT(2*PI()))*EXP(-(( $A13-Setup!$B$3 )^2)/(2*(I$1^2))) -> 1.6217892e-07 | ... AE13: =1/(AE$1*SQRT(2*PI()))*EXP(-(( $A13-Setup!$B$3 )^2)/(2*(AE$1^2))) -> 0.036899392
... A122: =Setup!$B$4 + (ROW()-2)*(Setup!$B$5-Setup!$B$4)/(Setup!$B$6-1) -> 6 | B122: =1/(B$1*SQRT(2*PI()))*EXP(-(( $A122-Setup!$B$3 )^2)/(2*(B$1^2))) -> 7.3682307e-196 | C122: =1/(C$1*SQRT(2*PI()))*EXP(-(( $A122-Setup!$B$3 )^2)/(2*(C$1^2))) -> 1.8403161e-87 | D122: =1/(D$1*SQRT(2*PI()))*EXP(-(( $A122-Setup!$B$3 )^2)/(2*(D$1^2))) -> 1.3826774e-49 | E122: =1/(E$1*SQRT(2*PI()))*EXP(-(( $A122-Setup!$B$3 )^2)/(2*(E$1^2))) -> 4.2927675e-32 | F122: =1/(F$1*SQRT(2*PI()))*EXP(-(( $A122-Setup!$B$3 )^2)/(2*(F$1^2))) -> 1.2824331e-22 | G122: =1/(G$1*SQRT(2*PI()))*EXP(-(( $A122-Setup!$B$3 )^2)/(2*(G$1^2))) -> 6.3406996e-17 | H122: =1/(H$1*SQRT(2*PI()))*EXP(-(( $A122-Setup!$B$3 )^2)/(2*(H$1^2))) -> 3.0429007e-13 | I122: =1/(I$1*SQRT(2*PI()))*EXP(-(( $A122-Setup!$B$3 )^2)/(2*(I$1^2))) -> 9.9010002e-11 | ... AE122: =1/(AE$1*SQRT(2*PI()))*EXP(-(( $A122-Setup!$B$3 )^2)/(2*(AE$1^2))) -> 0.019773956

Sheet Sigma_Summary
A1: sigma | B1: pico f(μ)=1/(sigma*sqrt(2π))
A2: 0.2 | B2: =1/(A2*SQRT(2*PI())) -> 1.9947114
A3: 0.3 | B3: =1/(A3*SQRT(2*PI())) -> 1.3298076
A4: 0.4 | B4: =1/(A4*SQRT(2*PI())) -> 0.9973557
A5: 0.5 | B5: =1/(A5*SQRT(2*PI())) -> 0.79788456
A6: 0.6 | B6: =1/(A6*SQRT(2*PI())) -> 0.6649038
A7: 0.7 | B7: =1/(A7*SQRT(2*PI())) -> 0.56991754
A8: 0.8 | B8: =1/(A8*SQRT(2*PI())) -> 0.49867785
A9: 0.9 | B9: =1/(A9*SQRT(2*PI())) -> 0.4432692
A10: 1 | B10: =1/(A10*SQRT(2*PI())) -> 0.39894228
A11: 1.1 | B11: =1/(A11*SQRT(2*PI())) -> 0.3626748
A12: 1.2 | B12: =1/(A12*SQRT(2*PI())) -> 0.3324519
A13: 1.3 | B13: =1/(A13*SQRT(2*PI())) -> 0.30687868
... A31: 3.1 | B31: =1/(A31*SQRT(2*PI())) -> 0.12869106
